{"cameraMode":{"drawMode":0,"name":"Shaded","section":"Shading Mode"},"sceneLighting":false,"audioPlay":false,"sceneViewState":{"m_AlwaysRefresh":false,"showFog":true,"showSkybox":false,"showFlares":true,"showImageEffects":true,"showParticleSystems":true,"showVisualEffectGraphs":true,"m_FxEnabled":true},"in2DMode":false,"pivot":{"x":21.2500057220459,"y":0.9187667369842529,"z":-21.249984741210939},"rotation":{"x":-0.6884078979492188,"y":0.004784367512911558,"z":-0.004541540052741766,"w":-0.7252973914146423},"size":30.245874404907228,"orthographic":false}