{"cameraMode":{"drawMode":0,"name":"Shaded","section":"Shading Mode"},"sceneLighting":false,"audioPlay":false,"sceneViewState":{"m_AlwaysRefresh":false,"showFog":true,"showSkybox":false,"showFlares":true,"showImageEffects":true,"showParticleSystems":true,"showVisualEffectGraphs":true,"m_FxEnabled":true},"in2DMode":false,"pivot":{"x":6.249999523162842,"y":0.062499649822711948,"z":-6.249999523162842},"rotation":{"x":-0.6884078979492188,"y":0.004784367512911558,"z":-0.004541540052741766,"w":-0.7252973914146423},"size":8.839056015014649,"orthographic":false}