{"cameraMode":{"drawMode":0,"name":"Shaded","section":"Shading Mode"},"sceneLighting":false,"audioPlay":false,"sceneViewState":{"m_AlwaysRefresh":false,"showFog":true,"showSkybox":false,"showFlares":true,"showImageEffects":true,"showParticleSystems":true,"showVisualEffectGraphs":true,"m_FxEnabled":true},"in2DMode":false,"pivot":{"x":-3.7499990463256838,"y":0.06249983608722687,"z":-3.7500040531158449},"rotation":{"x":-0.6884078979492188,"y":0.004784367512911558,"z":-0.004541540052741766,"w":-0.7252973914146423},"size":5.303670406341553,"orthographic":false}