{"cameraMode":{"drawMode":0,"name":"Shaded","section":"Shading Mode"},"sceneLighting":false,"audioPlay":false,"sceneViewState":{"m_AlwaysRefresh":false,"showFog":true,"showSkybox":false,"showFlares":true,"showImageEffects":true,"showParticleSystems":true,"showVisualEffectGraphs":true,"m_FxEnabled":true},"in2DMode":false,"pivot":{"x":0.32255613803863528,"y":0.03265589475631714,"z":-0.4028089642524719},"rotation":{"x":-0.18624109029769898,"y":-0.45354533195495608,"z":0.09752567112445831,"w":-0.8660897016525269},"size":0.6849426627159119,"orthographic":false}