{"cameraMode":{"drawMode":0,"name":"Shaded","section":"Shading Mode"},"sceneLighting":false,"audioPlay":false,"sceneViewState":{"m_AlwaysRefresh":false,"showFog":true,"showSkybox":false,"showFlares":true,"showImageEffects":true,"showParticleSystems":true,"showVisualEffectGraphs":true,"m_FxEnabled":true},"in2DMode":false,"pivot":{"x":-0.2149313986301422,"y":0.04204341024160385,"z":0.2972862720489502},"rotation":{"x":-0.1948082596063614,"y":-0.43454447388648989,"z":0.09685517847537995,"w":-0.873986005783081},"size":0.5260392427444458,"orthographic":false}