{"cameraMode":{"drawMode":0,"name":"Shaded","section":"Shading Mode"},"sceneLighting":false,"audioPlay":false,"sceneViewState":{"m_AlwaysRefresh":false,"showFog":true,"showSkybox":false,"showFlares":true,"showImageEffects":true,"showParticleSystems":true,"showVisualEffectGraphs":true,"m_FxEnabled":true},"in2DMode":false,"pivot":{"x":-0.6631118655204773,"y":0.8487203121185303,"z":-0.8689093589782715},"rotation":{"x":-0.20020103454589845,"y":0.3957222104072571,"z":-0.08882617205381394,"w":-0.8918814063072205},"size":1.9275261163711548,"orthographic":false}